OBJECTID,FacilityID,InstallDate,LifeCycleStatus,LocationDescription,Comments,PumpOn,PumpOff,PumpOutDia,VFD,VFDSetting,Position,LiftStationID,PumpNumber,PumpHP,HighHeadShutOff,DesignPointHeadFT,DesignPointFlowGPM,LowHeadFT,LowHeadFlowGPM,PumpControl,PumpModel,LastUpdate,LastEditor,Enabled,GlobalID,created_user,created_date,last_edited_user,last_edited_date,Shape__Length
157,CPUMP069A,2004/02/04 00:00:00+00,I,"Poplar Park - 60841 Yellow Leaf St., 97702","Col Lift Sta. #69   Poplar Park - On Honey Pod, behind 60841 Yellow Leaf St.",3844.42,3843.25,4, ,,LEAD,Poplar Park, ,10,0,86,150,77,300, ,3127.090-2569,,,1,ab4bb18c-ffd6-4392-80bb-4de9e760ec0c,CityofBendOR,2022/12/07 18:30:02.971+00,CityofBendOR,2022/12/07 18:30:02.971+00,5.43071178655461
158,CPUMP069B,2004/02/04 00:00:00+00,I,"Poplar Park - 60841 Yellow Leaf St., 97702","Col Lift Sta. #69   Poplar Park - On Honey Pod, behind 60841 Yellow Leaf St.",3845.33,3843.25,4, ,,LAG1,Poplar Park, ,10,0,86,150,77,300, ,3127.090-2569,,,1,9503d8f1-b3cf-4c3a-88dd-4b3b7ea7fbd2,CityofBendOR,2022/12/07 18:30:02.971+00,CityofBendOR,2022/12/07 18:30:02.971+00,5.06640092092218
159,CPUMP018A,2005/12/06 00:00:00+00,I,"Riviera - 1562 1st St., 97701","Col Lift Sta. #18   Riviera - Westside Pump Sta, NW Corner of Riviera Apt",3576.62,3574.2,4, ,,LEAD,Riviera, ,5,0,35.1,142,28,300, ,3102.090-0905,,,1,7b55828a-8047-47e2-b60d-156904d39149,CityofBendOR,2022/12/07 18:30:02.971+00,CityofBendOR,2022/12/07 18:30:02.971+00,3.45281902178918
160,CPUMP018B,2005/12/06 00:00:00+00,I,"Riviera - 1562 1st St., 97701","Col Lift Sta. #18   Riviera - Westside Pump Sta, NW Corner of Riviera Apt",3576.87,3574.2,4, ,,LAG1,Riviera, ,5,0,35.1,142,28,300, ,3102.090-0905,,,1,30b6f7ba-2eac-426f-ae7d-b6e80cbed3a2,CityofBendOR,2022/12/07 18:30:02.971+00,CityofBendOR,2022/12/07 18:30:02.971+00,3.21478927316356
161,CPUMP020A,1976/07/06 00:00:00+00,I,"Underwood - 224 NE Underwood Ave., 97701","Col Lift Sta. #20   Underwood - Underwood Ave, North of Backstrom Lumber",3583.67,3583.09,4, ,,LEAD,Underwood, ,3,0,23,150,17.5,225, ,0,,,1,8699d108-2b98-41b4-9f7d-1833247a739f,CityofBendOR,2022/12/07 18:30:02.971+00,CityofBendOR,2022/12/07 18:30:02.971+00,4.47689162324612
162,CPUMP020B,1976/07/06 00:00:00+00,I,"Underwood - 224 NE Underwood Ave., 97701","Col Lift Sta. #20   Underwood - Underwood Ave, North of Backstrom Lumber",3584.09,3582.84,4, ,,LAG1,Underwood, ,3,0,23,150,17.5,225, ,4NNDHLHVM3-6,,,1,fd8a739d-1ec7-4aa7-a2db-57642cb74dcd,CityofBendOR,2022/12/07 18:30:02.971+00,CityofBendOR,2022/12/07 18:30:02.971+00,4.64044287311098
163,CPUMP076A,2005/08/15 00:00:00+00,I,"Linster - 267 NW Revere Ave., 97701",Col Lift Sta. #76   Linster - West Dead-End of Revere Ave.,3576.87,3575.03,4, ,,LEAD,Linster, ,8,0,53,168,36.2,440, ,3127.090-2571,,,1,74a04224-da27-4839-a7ee-a07c08dd6db8,CityofBendOR,2022/12/07 18:30:02.971+00,CityofBendOR,2022/12/07 18:30:02.971+00,2.32394662671163
164,CPUMP076B,2005/08/15 00:00:00+00,I,"Linster - 267 NW Revere Ave., 97701",Col Lift Sta. #76   Linster - West Dead-End of Revere Ave.,3577.37,3575.03,4, ,,LAG1,Linster, ,8,0,53,168,36.2,440, ,3127.090-2571,,,1,424b8574-e037-4426-bb0e-5b41a9aef93d,CityofBendOR,2022/12/07 18:30:02.971+00,CityofBendOR,2022/12/07 18:30:02.971+00,4.06585954562717
165,CPUMP077A,1996/06/06 00:00:00+00,I,"Tumalo Heights - 2551 NW 1ST St., 97701","Col Lift Sta. #77   Tumalo Heights - Tumalo Heights, in front of 2551 NW 1ST St.",3622.17,3621.5,4, ,,LEAD,Tumalo Heights, ,8,0,66.5,120,60,220, ,S4PX750CC,,,1,065de0ff-f899-4ace-9427-ddeff92a2973,CityofBendOR,2022/12/07 18:30:02.971+00,CityofBendOR,2022/12/07 18:30:02.971+00,3.2976687454691
166,CPUMP077B,1996/06/06 00:00:00+00,I,"Tumalo Heights - 2551 NW 1ST St., 97701","Col Lift Sta. #77   Tumalo Heights - Tumalo Heights, in front of 2551 NW 1ST St.",3623.83,3621.5,4, ,,LAG1,Tumalo Heights, ,8,0,66.5,120,60,220, ,S4PX750CC,,,1,46032574-09da-4972-8514-fdde1088f083,CityofBendOR,2022/12/07 18:30:02.971+00,CityofBendOR,2022/12/07 18:30:02.971+00,5.12542053758902
167,CPUMP079A,1993/02/16 00:00:00+00,I,"RiversEdge - 3181 Quiet River, 97701","Col Lift Sta. #79   Riversedge - RiversEdge, in front of 3181 Quiet River",3503.83,3502.33,4, ,,LEAD,RiversEdge, ,8,0,56.6,125,50,260, ,4VHX75M4-23,,,1,cc4d67c8-4e0b-40a3-bc92-3f3a58f694ae,CityofBendOR,2022/12/07 18:30:02.971+00,CityofBendOR,2022/12/07 18:30:02.971+00,2.52062432660623
168,CPUMP079B,1993/02/16 00:00:00+00,I,"RiversEdge - 3181 Quiet River, 97701","Col Lift Sta. #79   Riversedge - RiversEdge, in front of 3181 Quiet River",3504,3502.33,4, ,,LAG1,RiversEdge, ,8,0,56.6,125,50,260, ,0,,,1,1bc57cc6-b174-4988-b1f2-672fb5c5726e,CityofBendOR,2022/12/07 18:30:02.971+00,CityofBendOR,2022/12/07 18:30:02.971+00,2.52656736148596
169,CPUMP086A,1997/04/23 00:00:00+00,I,"Service Station - 63240 Service Rd., 97701",Col Lift Sta. #86   Service Station - Service Rd. in front of 63240,3512.5,3510.33,4, ,,LEAD,Service Station, ,2,0,21.4,120,32.5,350, ,S4NX200JC,,,1,293a592e-c855-4d59-b281-d46e18339258,CityofBendOR,2022/12/07 18:30:02.971+00,CityofBendOR,2022/12/07 18:30:02.971+00,2.34665181177366
170,CPUMP086B,1997/04/23 00:00:00+00,I,"Service Station - 63240 Service Rd., 97701",Col Lift Sta. #86   Service Station - Service Rd. in front of 63240,3513.25,3510.33,3, ,,LAG1,Service Station, ,6,0,63,200,32.5,350, ,3101.090-1219,,,1,39762b16-6520-40aa-b53c-5dfaa3dd0f56,CityofBendOR,2022/12/07 18:30:02.971+00,CityofBendOR,2022/12/07 18:30:02.971+00,3.38570092191821
171,CPUMP030A,2000/08/31 00:00:00+00,I,"Highland - 63658 Hunnell Rd., 97701","Col Lift Sta. #30   Highland - Highland Comm. Park, off of Hunnell Rd.",3440.22,3437.38,4, ,,LEAD,Highland, ,25,0,138,250,130,400, ,S4KX2500EG,,,1,c1497ff4-5355-40b5-9377-1b2de5b1468e,CityofBendOR,2022/12/07 18:30:02.971+00,CityofBendOR,2022/12/07 18:30:02.971+00,7.34305972822226
172,CPUMP030B,2000/08/31 00:00:00+00,I,"Highland - 63658 Hunnell Rd., 97701","Col Lift Sta. #30   Highland - Highland Comm. Park, off of Hunnell Rd.",3441.05,3437.38,4, ,,LAG1,Highland, ,25,0,138,250,130,400, ,S4KX2500EG,,,1,053c876e-1dfa-4237-8b8f-afd7c473b2ac,CityofBendOR,2022/12/07 18:30:02.971+00,CityofBendOR,2022/12/07 18:30:02.971+00,7.48786424503765
173,CPUMP033A,2004/03/22 00:00:00+00,I,"North Wind - 63582 Stacy Ln., 97701","Col Lift Sta. #33   North Wind - North Wind Sub, 63586 Stacy Ln.",3436.08,3434.08,4, ,,LEAD,North Wind, ,20,0,99.3,275,90,520, ,4VCX200M4-23,,,1,e33ada6e-02d6-40df-9eee-6bfe350ecf30,CityofBendOR,2022/12/07 18:30:02.971+00,CityofBendOR,2022/12/07 18:30:02.971+00,11.3869089813824
174,CPUMP033B,2004/03/22 00:00:00+00,I,"North Wind - 63582 Stacy Ln., 97701","Col Lift Sta. #33   North Wind - North Wind Sub, 63586 Stacy Ln.",3436.58,3434.08,4, ,,LAG1,North Wind, ,20,0,99.3,275,90,520, ,4VCX200M4-23,,,1,139f9cac-9ebc-4a09-a4a5-0eb59d00e6d7,CityofBendOR,2022/12/07 18:30:02.971+00,CityofBendOR,2022/12/07 18:30:02.971+00,11.3034045207588
175,CPUMP035A,1998/07/08 00:00:00+00,I,"Boyd Acres - 63538 Stacy Ln., 97701","Col Lift Sta. #35   Boyd Acres - Boyd Acres View Sub, West of 20682 Nicolette Dr.",3438,3434.83,4, ,,LEAD,Boyd Acres, ,6,0,49.5,146,40,300, ,AFP 1041 M46/4-21.60,,,1,2b1f81f2-5413-43a8-b4d0-9a77e4161943,CityofBendOR,2022/12/07 18:30:02.971+00,CityofBendOR,2023/08/01 20:43:50+00,6.59459732705549
176,CPUMP035B,1998/07/08 00:00:00+00,I,"Boyd Acres - 63538 Stacy Ln., 97701","Col Lift Sta. #35   Boyd Acres - Boyd Acres View Sub, West of 20682 Nicolette Dr.",3438.58,3434.83,4, ,,LAG1,Boyd Acres, ,6,0,49.5,146,40,300, ,AFP 1041 M46/4-21.60,,,1,0fb2380a-c72c-45ad-b221-ceb78601f40a,CityofBendOR,2022/12/07 18:30:02.971+00,CityofBendOR,2023/08/01 20:43:50+00,6.7076705448093
177,CPUMP034A,2002/10/24 00:00:00+00,I,"Phoenix - 63536 St. Cloud., 97701","Col Lift Sta. #34   Phoenix - Phoenix Park Sub, Back of 63536 St. Cloud Ct.",3454,3451.17,4, ,,LEAD,Phoenix, ,15,0,83.2,300,61.8,560, ,3153.091-0506,,,1,44879c07-0e01-46ed-9c3d-3b33522de155,CityofBendOR,2022/12/07 18:30:02.971+00,CityofBendOR,2022/12/07 18:30:02.971+00,3.69802547642646
178,CPUMP034B,2002/10/24 00:00:00+00,I,"Phoenix - 63536 St. Cloud., 97701","Col Lift Sta. #34   Phoenix - Phoenix Park Sub, Back of 63536 St. Cloud Ct.",3454.75,3451.17,4, ,,LAG1,Phoenix, ,15,0,83.2,300,61.8,560, ,3153.091-0506,,,1,1ffb4107-e145-4fd4-8e5f-ad98c3504c1b,CityofBendOR,2022/12/07 18:30:02.971+00,CityofBendOR,2022/12/07 18:30:02.971+00,5.27699910410143
179,CPUMP036A,1995/03/31 00:00:00+00,I,"Majestic - 63331 Majestic Loop., 97701",Col Lift Sta. #36   Majestic - Majestic Subdivision,3455.5,3454.34,4,Yes,,LEAD,Majestic, ,5,0,40,260,31.5,445, ,3102.181-6403,,,1,aa6978d2-afa1-4015-bc8a-ed6962df9c86,CityofBendOR,2022/12/07 18:30:02.971+00,CityofBendOR,2022/12/07 18:30:02.971+00,7.90246788841146
180,CPUMP036B,1995/03/31 00:00:00+00,I,"Majestic - 63331 Majestic Loop., 97701",Col Lift Sta. #36   Majestic - Majestic Subdivision,3456,3454.34,4,Yes,,LAG1,Majestic, ,5,0,40,260,31.5,445, ,3102.181-6403,,,1,fc492c8c-bfde-4645-b998-fd6d3222e2bd,CityofBendOR,2022/12/07 18:30:02.971+00,CityofBendOR,2022/12/07 18:30:02.971+00,8.80869815198471
181,CPUMP039A,2002/04/12 00:00:00+00,I,"Empire Village - 63177 Eastview Dr., 97701","Col Lift Sta. #39   Empire Village - Empire Village, NE corner 20814 Sierra Dr.",3464.9,3463.07,3,Yes,,LEAD,Empire Village, ,3,0,16.8,208,12.6,322, ,3085.092-0669,,,1,d4db22da-a85f-4198-bd74-1226aebaadc0,CityofBendOR,2022/12/07 18:30:02.971+00,CityofBendOR,2022/12/07 18:30:02.971+00,6.88393321527119
182,CPUMP039B,2002/04/12 00:00:00+00,I,"Empire Village - 63177 Eastview Dr., 97701","Col Lift Sta. #39   Empire Village - Empire Village, NE corner 20814 Sierra Dr.",3465.4,3463.07,3,Yes,,LAG1,Empire Village, ,3,0,16.8,208,12.6,322, ,3085.092-0669,,,1,e879fb7b-946d-4c38-b3ed-7d42dff61d58,CityofBendOR,2022/12/07 18:30:02.971+00,CityofBendOR,2022/12/07 18:30:02.971+00,7.17623752526297
183,CPUMP042A,2003/10/23 00:00:00+00,I,"Summit Park - 62773 Promise Pl., 97701","Col Lift Sta. #42   Summit Park - Summit Park Sub, Back of 62773 Promise Pl.",3514.42,3512.67,4, ,,LEAD,Summit Park, ,5,0,35.5,125,30,250, ,3102.090-0780,,,1,3d0393f6-c125-439a-9892-b04715dc84ec,CityofBendOR,2022/12/07 18:30:02.971+00,CityofBendOR,2022/12/07 18:30:02.971+00,6.01712159328812
184,CPUMP042B,2003/10/23 00:00:00+00,I,"Summit Park - 62773 Promise Pl., 97701","Col Lift Sta. #42   Summit Park - Summit Park Sub, Back of 62773 Promise Pl.",3515.5,3512.67,4, ,,LAG1,Summit Park, ,5,0,35.5,125,30,250, ,3102.090-0780,,,1,373efca5-7ec7-4b6c-af06-6fe4bb5b9fb6,CityofBendOR,2022/12/07 18:30:02.971+00,CityofBendOR,2022/12/07 18:30:02.971+00,5.74248833173681
187,CPUMP045A,2002/10/23 00:00:00+00,I,"Hollow Pines #2 - 256 SE Soft Tail., 97702","Col Lift Sta. #45   Hollowpines # 2 - Hollow Pines Sub, 256 Soft Tail Dr.",3640.72,3638.47,4, ,,LEAD,Hollow Pines #2, ,5,0,59.2,95,52,200, ,S4NVX500CC,,,1,58e5f4e9-4b66-46a3-afd8-f4fc80574b5a,CityofBendOR,2022/12/07 18:30:02.971+00,CityofBendOR,2022/12/07 18:30:02.971+00,7.55026474773041
188,CPUMP045B,2002/10/23 00:00:00+00,I,"Hollow Pines #2 - 256 SE Soft Tail., 97702","Col Lift Sta. #45   Hollowpines # 2 - Hollow Pines Sub, 256 Soft Tail Dr.",3641.38,3638.47,4, ,,LAG1,Hollow Pines #2, ,5,0,59.2,95,52,200, ,S4NVX500CC,,,1,73d8f9e3-f12e-4165-862f-fc500ececae8,CityofBendOR,2022/12/07 18:30:02.971+00,CityofBendOR,2022/12/07 18:30:02.971+00,9.54039182231269
189,CPUMP044A,1999/03/26 00:00:00+00,I,"Hollow Pines - 314 SE Springer Ct., 97702","Col Lift Sta. #44   Hollow Pines - Hollow Pines Sub, Behind 314 Springer Ct.",3641.85,3639.52,3,Yes,,LEAD,Hollow Pines, ,6,0,56,140,27.5,300, ,3102.090-1163,,,1,76cd9a93-104d-4068-aae2-c3b0b7f67783,CityofBendOR,2022/12/07 18:30:02.971+00,CityofBendOR,2022/12/07 18:30:02.971+00,6.83133554876854
190,CPUMP044B,1999/03/26 00:00:00+00,I,"Hollow Pines - 314 SE Springer Ct., 97702","Col Lift Sta. #44   Hollow Pines - Hollow Pines Sub, Behind 314 Springer Ct.",3642.69,3639.52,3,Yes,,LAG1,Hollow Pines, ,6,0,56,140,27.5,300, ,3102.090-1163,,,1,c18c2b7a-972a-4f4b-af6f-9e26bc08be75,CityofBendOR,2022/12/07 18:30:02.971+00,CityofBendOR,2022/12/07 18:30:02.971+00,6.88434570028345
191,CPUMP046A,1982/09/29 00:00:00+00,I,"Renwick - 1702 SE Karena Ct., 97702","Col Lift Sta. #46   Renwick - Renwick Acres, Between 1702 and 1714 Karena Ct.",3657.3,3656.63,0, ,,LEAD,Renwick, ,3,0,0,40,0,0, ,0,,,1,abe40fe1-9046-4351-9163-cf54b4013728,CityofBendOR,2022/12/07 18:30:02.971+00,CityofBendOR,2022/12/07 18:30:02.971+00,2.18815961859414
192,CPUMP046B,1982/09/29 00:00:00+00,I,"Renwick - 1702 SE Karena Ct., 97702","Col Lift Sta. #46   Renwick - Renwick Acres, Between 1702 and 1714 Karena Ct.",3657.97,3656.63,0, ,,LAG1,Renwick, ,3,0,0,40,0,0, ,0,,,1,c409a7ee-5de5-4393-88dd-c237a33e2ca0,CityofBendOR,2022/12/07 18:30:02.971+00,CityofBendOR,2022/12/07 18:30:02.971+00,2.3693673645059
193,CPUMP047A,2003/12/09 00:00:00+00,DC,"Desert Skies - 21158 Clairaway., 97702","Col Lift Sta. #47   Desert Skies - Desert Skies Sub, Back of 21158 Clairaway Ave.",3661.27,3660.27,4, ,,LEAD,Desert Skies, ,5,0,39,185,29.5,400, ,S4NX500CC,2023/03/17 08:27:30+00,BEND\dzarate,1,0136547e-e5ee-474a-95b2-c0ab837333ca,CityofBendOR,2022/12/07 18:30:02.971+00,CityofBendOR,2023/03/17 15:27:30+00,7.77205388697287
194,CPUMP047B,2003/12/09 00:00:00+00,DC,"Desert Skies - 21158 Clairaway., 97702","Col Lift Sta. #47   Desert Skies - Desert Skies Sub, Back of 21158 Clairaway Ave.",3662.43,3660.27,4, ,,LAG1,Desert Skies, ,5,0,39,185,29.5,400, ,S4NX500CC,2023/03/17 08:27:30+00,BEND\dzarate,1,25563788-3a21-4ce3-b054-a15e859c9fcc,CityofBendOR,2022/12/07 18:30:02.971+00,CityofBendOR,2023/03/17 15:27:30+00,7.94112512796175
197,CPUMP052A,2005/06/28 00:00:00+00,DC,"Simplicity - 20800 SE Shea Ct., 97702","Col Lift Sta. #52   Simplicity - Reed Pointe Sudivision, off of SE 15th St.",3695.5,3694.17,4, ,,LEAD,Simplicity, ,8,0,55.5,200,46,440, ,S4MVX750JC,2023/03/06 08:22:16+00,BEND\dzarate,1,bcf9f1dc-bcff-4e47-afee-c378ddf76f19,CityofBendOR,2022/12/07 18:30:02.971+00,CityofBendOR,2023/03/06 16:22:16+00,5.83875040464606
198,CPUMP052B,2005/06/28 00:00:00+00,DC,"Simplicity - 20800 SE Shea Ct., 97702","Col Lift Sta. #52   Simplicity - Reed Pointe Sudivision, off of SE 15th St.",3697.83,3694.17,4, ,,LAG1,Simplicity, ,8,0,55.5,200,46,440, ,S4MVX750JC,2023/03/06 08:22:16+00,BEND\dzarate,1,5324b86e-6f67-4aed-affd-ffe23828b220,CityofBendOR,2022/12/07 18:30:02.971+00,CityofBendOR,2023/03/06 16:22:16+00,7.18736664147971
199,CPUMP058B,2007/06/18 00:00:00+00,D,"Shadow Glen - 61151 15th St., 97702",Col Lift Sta. #58   Shadow Glen - Shadow Glen Subdivision,3704.9,3700.9,3,Yes,,LAG1,Shadow Glen, ,6,0,74.8,132,50.9,261, ,3102.090-1219,2018/09/14 10:19:04+00,BEND\kwinter,1,1a8d854c-bea5-4582-9793-f257a8ef8742,CityofBendOR,2022/12/07 18:30:02.971+00,CityofBendOR,2022/12/07 18:30:02.971+00,5.30895206017708
200,CPUMP058A,2007/06/18 00:00:00+00,D,"Shadow Glen - 61151 15th St., 97702",Col Lift Sta. #58   Shadow Glen - Shadow Glen Subdivision,3702.9,3700.9,3,Yes,,LEAD,Shadow Glen, ,6,0,74.8,132,50.9,261, ,3102.090-1219,2018/09/14 10:19:04+00,BEND\kwinter,1,cd4b3ace-f730-4376-9283-ef75d20820ef,CityofBendOR,2022/12/07 18:30:02.971+00,CityofBendOR,2022/12/07 18:30:02.971+00,5.07986990954805
201,CPUMP056B,2002/02/21 00:00:00+00,D,"Ridgewater - 61241 Ridgewater Loop, 97702","Col Lift Sta. #56   Ridgewater - Ridgewater #1 Subdivision, Back of 61225 Ridgewate",3693.39,3690.81,4, ,,LAG1,Ridgewater, ,10,0,85,125,66,260, ,S4HVX1000DD,2018/09/14 08:21:52+00,BEND\kwinter,1,9de65f88-c1ff-4f15-8faa-817ff201c79c,CityofBendOR,2022/12/07 18:30:02.971+00,CityofBendOR,2022/12/07 18:30:02.971+00,9.23968128529555
202,CPUMP056A,2002/02/21 00:00:00+00,D,"Ridgewater - 61241 Ridgewater Loop, 97702","Col Lift Sta. #56   Ridgewater - Ridgewater #1 Subdivision, Back of 61225 Ridgewate",3692.56,3690.81,4, ,,LEAD,Ridgewater, ,10,0,85,125,66,260, ,S4HVX1000DD,2018/09/14 08:21:55+00,BEND\kwinter,1,dde06413-8ab6-4d54-9b16-5f31538d357d,CityofBendOR,2022/12/07 18:30:02.971+00,CityofBendOR,2022/12/07 18:30:02.971+00,6.05226288676674
203,CPUMP057A,2003/03/11 00:00:00+00,I,"Ridgewater #2 - 61192 Hilmer Creek Dr., 97702",Col Lift Sta. #57   Ridgewater # 2 - Ridgewater #2 Subdivision,3703.5,3700.83,3, ,,LEAD,Ridgewater #2, ,6,0,76,125,52,260, ,3102.090-1152,,,1,e215e4da-cf2c-4ec2-bf82-e7a7914b11bd,CityofBendOR,2022/12/07 18:30:02.971+00,CityofBendOR,2022/12/07 18:30:02.971+00,6.72660296103446
204,CPUMP057B,2003/03/11 00:00:00+00,I,"Ridgewater #2 - 61192 Hilmer Creek Dr., 97702",Col Lift Sta. #57   Ridgewater # 2 - Ridgewater #2 Subdivision,3704,3700.83,3, ,,LAG1,Ridgewater #2, ,6,0,76,125,52,260, ,3102.090-1152,,,1,d3bbd8eb-54f4-4ac9-9661-90d589f53a33,CityofBendOR,2022/12/07 18:30:02.971+00,CityofBendOR,2022/12/07 18:30:02.971+00,6.77861259595889
205,CPUMP055A,1995/07/17 00:00:00+00,I,"Camden - 61135 Ferguson Rd., 97702",Col Lift Sta. #55   Camden - Camden Park Subdivision,3716.7,3715.2,4, ,,LEAD,Camden, ,8,0,48,125,45,250, ,S4MX750CC,,,1,79b9ff77-d09e-445c-83c9-85dd5ff020d0,CityofBendOR,2022/12/07 18:30:02.971+00,CityofBendOR,2022/12/07 18:30:02.971+00,5.11660196554182
206,CPUMP055B,1995/07/17 00:00:00+00,I,"Camden - 61135 Ferguson Rd., 97702",Col Lift Sta. #55   Camden - Camden Park Subdivision,3717.2,3715.2,4, ,,LAG1,Camden, ,8,0,48,125,45,250, ,S4MX750CC,,,1,cd78f360-f555-4a6b-b353-ade12d08fcde,CityofBendOR,2022/12/07 18:30:02.971+00,CityofBendOR,2022/12/07 18:30:02.971+00,5.08191756487248
207,CPUMP089A,2011/05/01 00:00:00+00,D,"Murphy Interim - 20555 Murphy Rd., 97702","Col Lift Sta. Murphy Interim - Murphy Rd., W. of Brosterhous",3731.92,3729.75,4,Yes,,LEAD,Murphy Interim, ,30,0,147.8,352,126,700, ,3171.091-0224,2020/09/22 13:22:55+00,BEND\dzarate,1,4c52fe3a-b27a-446b-b88b-7f2126cbc730,CityofBendOR,2022/12/07 18:30:02.971+00,CityofBendOR,2022/12/07 18:30:02.971+00,6.70241030326064
208,CPUMP089B,2011/05/01 00:00:00+00,D,"Murphy Interim - 20555 Murphy Rd., 97702","Col Lift Sta. Murphy Interim - Murphy Rd., W. of Brosterhous",3732.67,3729.75,4,Yes,,LAG1,Murphy Interim, ,30,0,147.8,352,126,700, ,3171.091-0224,2020/09/22 13:22:17+00,BEND\dzarate,1,5e2d0990-2c26-4513-ad43-63eaa51afcd6,CityofBendOR,2022/12/07 18:30:02.971+00,CityofBendOR,2022/12/07 18:30:02.971+00,6.693166141935
209,CPUMP054A,2006/06/26 00:00:00+00,AB,"The Shire - 61300 SE Ring Bearer's Ct., 97702",Col Lift Sta. #54   The Shire - The Shire Subdivision,3754.57,3753.65,4, ,,LEAD,The Shire, ,20,0,94,200,85,400, ,S4VX2000JC,2023/03/07 13:45:12+00,BEND\dzarate,1,87977b75-3b3b-4672-b1fb-a1d79e2f1b87,CityofBendOR,2022/12/07 18:30:02.971+00,CityofBendOR,2023/03/07 21:45:12+00,6.24865958767433
210,CPUMP054B,2006/06/26 00:00:00+00,AB,"The Shire - 61300 SE Ring Bearer's Ct., 97702",Col Lift Sta. #54   The Shire - The Shire Subdivision,3755.07,3753.65,4, ,,LAG1,The Shire, ,20,0,94,200,85,400, ,S4VX2000JC,2023/03/07 13:45:12+00,BEND\dzarate,1,6fa229cb-980d-4e22-bf6a-d49a7d412763,CityofBendOR,2022/12/07 18:30:02.971+00,CityofBendOR,2023/03/07 21:45:12+00,6.27445362104469
211,CPUMP065A,2002/09/18 00:00:00+00,I,"Pheasant Run - 19840 Hollygrape, 97702",Col Lift Sta. #65   Pheasant Run - Corner of Hollygrape and Lodgepole,3815.13,3812.97,4,Yes,,LEAD,Pheasant Run, ,5,0,48,125,38,300, ,3102.090-1051,,,1,4a6771cc-2730-4f8f-817c-741ea37c22f9,CityofBendOR,2022/12/07 18:30:02.971+00,CityofBendOR,2023/02/16 16:18:31+00,6.68438031702623
212,CPUMP065B,2002/09/18 00:00:00+00,I,"Pheasant Run - 19840 Hollygrape, 97702",Col Lift Sta. #65   Pheasant Run - Corner of Hollygrape and Lodgepole,3815.97,3812.97,4,Yes,,LAG1,Pheasant Run, ,5,0,48,125,38,300, ,3102.090-1051,,,1,3d7d4b75-9c71-4fb7-87c3-1a7c8f753e7f,CityofBendOR,2022/12/07 18:30:02.971+00,CityofBendOR,2023/02/16 16:18:31+00,6.66985205248872
213,CPUMP066A,2002/06/04 00:00:00+00,I,"River Canyon #2 - 19712 Hollygrape, 97702","Col Lift Sta. #66   River Canyon 2 - River Canyon Estates, In front of 19704 Hollygrape",3819,3817,4, ,,LEAD,River Canyon #2, ,10,0,55,395,35.5,700, ,3127.090-2226,,,1,45903e7f-c506-4595-a1c4-2a6e912bd40c,CityofBendOR,2022/12/07 18:30:02.971+00,CityofBendOR,2022/12/07 18:30:02.971+00,5.98255724866937
214,CPUMP066B,2002/06/04 00:00:00+00,I,"River Canyon #2 - 19712 Hollygrape, 97702","Col Lift Sta. #66   River Canyon 2 - River Canyon Estates, In front of 19704 Hollygrape",3819.67,3817,4, ,,LAG1,River Canyon #2, ,10,0,55,395,35.5,700, ,3127.090-2226,,,1,63059b43-1a6d-4d2e-afc3-d8607da1a0eb,CityofBendOR,2022/12/07 18:30:02.971+00,CityofBendOR,2022/12/07 18:30:02.971+00,7.14516313922291
215,CPUMP067A,2005/03/22 00:00:00+00,I,"Aspen Ridge - 19689 Aspen Ridge Dr., 97702","Col Lift Sta. #67   Aspen Ridge -Aspen Rim, Common Area, Princeton Loop",3819.25,3818.08,4, ,,LEAD,Aspen Ridge, ,25,0,130,178,110,350, ,4RCX250M2-43,,,1,e679cefa-86fe-4d94-b125-0b5b85895b27,CityofBendOR,2022/12/07 18:30:02.971+00,CityofBendOR,2023/02/16 16:22:30+00,5.02846503481187
216,CPUMP067B,2005/03/22 00:00:00+00,I,"Aspen Ridge - 19689 Aspen Ridge Dr., 97702","Col Lift Sta. #67   Aspen Ridge -Aspen Rim, Common Area, Princeton Loop",3819.75,3818.08,4, ,,LAG1,Aspen Ridge, ,25,0,130,178,110,350, ,4RCX250M2-43,,,1,72be33b3-2d68-459a-be2e-ef19d22e7ac6,CityofBendOR,2022/12/07 18:30:02.971+00,CityofBendOR,2023/02/16 16:22:30+00,7.14031921007851
217,CPUMP068A,2002/06/04 00:00:00+00,I,"River Canyon #1 - 19489 Hollygrape, 97702","Col Lift Sta. #68   River Canyon 1 - River Canyon Estates, Ph. 1, On Hollygrape, Common",3823.25,3820.5,4, ,,LEAD,River Canyon #1, ,5,0,38,125,31.8,250, ,S4NX500CC,,,1,ef9e0012-af74-46f5-9c28-4d87e3572697,CityofBendOR,2022/12/07 18:30:02.971+00,CityofBendOR,2022/12/07 18:30:02.971+00,8.31599600002941
218,CPUMP068B,2002/06/04 00:00:00+00,I,"River Canyon #1 - 19489 Hollygrape, 97702","Col Lift Sta. #68   River Canyon 1 - River Canyon Estates, Ph. 1, On Hollygrape, Common",3823.67,3820.5,4, ,,LAG1,River Canyon #1, ,5,0,38,125,31.8,250, ,S4NX500CC,,,1,88685f5f-15f6-4b79-8fce-8a4b3d4a9349,CityofBendOR,2022/12/07 18:30:02.971+00,CityofBendOR,2022/12/07 18:30:02.971+00,9.655181769406
219,CPUMP070A,2001/07/26 00:00:00+00,I,"River Rim - 19420 Charleswood Ln., 97702","Col Lift Sta. #70   River Rim - River Rim Sub Common Area, Waterfront Ct.",3817.17,3815.92,4, ,,LEAD,River Rim, ,40,0,110,450,88,700, ,s4lvx4000ec,,,1,6431de31-dc71-491d-9fda-2fda43f856b5,CityofBendOR,2022/12/07 18:30:02.971+00,CityofBendOR,2022/12/07 18:30:02.971+00,7.83546792265075
220,CPUMP070B,2001/07/26 00:00:00+00,I,"River Rim - 19420 Charleswood Ln., 97702","Col Lift Sta. #70   River Rim - River Rim Sub Common Area, Waterfront Ct.",3817.58,3815.92,4, ,,LAG1,River Rim, ,40,0,110,450,88,700, ,s4lvx4000ec,,,1,ce48c41b-443e-4efa-86b2-c7d2ef8be895,CityofBendOR,2022/12/07 18:30:02.971+00,CityofBendOR,2022/12/07 18:30:02.971+00,7.83576366653057
221,CPUMP013A,1992/11/06 00:00:00+00,I,"Sunrise #1 - 19651 Mammoth Dr., 97702","Col Lift Sta. #13   Sunrise #1 - Sunrise Village, 250ft. SE of Mammoth and Century",3760.08,3758,4, ,,LEAD,Sunrise #1, ,8,0,48.3,250,40,480, ,4VHX75M4-23,,,1,53721173-cf0c-45ac-9cc1-9c9a6508e6c4,CityofBendOR,2022/12/07 18:30:02.971+00,CityofBendOR,2022/12/07 18:30:02.971+00,6.67170870971804
222,CPUMP013B,1992/11/06 00:00:00+00,I,"Sunrise #1 - 19651 Mammoth Dr., 97702","Col Lift Sta. #13   Sunrise #1 - Sunrise Village, 250ft. SE of Mammoth and Century",3759.92,3758,4, ,,LAG1,Sunrise #1, ,8,0,48.3,250,40,480, ,4VHX75M423,,,1,1095a6e2-8de7-41b1-a8e1-ddc2d109e1b8,CityofBendOR,2022/12/07 18:30:02.971+00,CityofBendOR,2022/12/07 18:30:02.971+00,6.51187156497646
223,CPUMP014A,2003/05/30 00:00:00+00,I,"Bachelor Village - 19723 Mt. Bachelor Ct., 97702",Col Lift Sta. #14   Bachelor Village - SE Corner of Mt. Bachelor Ct. & MB Village Dr.,3719.83,3718.5,4, ,,LEAD,Bachelor Village, ,10,0,73.6,125,62.5,300, ,3127.090-2579,,,1,0b7d0c8d-dc0d-4140-bb12-088bdbe5f1f2,CityofBendOR,2022/12/07 18:30:02.971+00,CityofBendOR,2022/12/07 18:30:02.971+00,5.16981554765571
224,CPUMP014B,2003/05/30 00:00:00+00,I,"Bachelor Village - 19723 Mt. Bachelor Ct., 97702",Col Lift Sta. #14   Bachelor Village - SE Corner of Mt. Bachelor Ct. & MB Village Dr.,3720.33,3718.5,4, ,,LAG1,Bachelor Village, ,10,0,73.6,125,62.5,300, ,3127.090-2579,,,1,f2ae80f0-ef8d-4b72-a077-c7aca1970c48,CityofBendOR,2022/12/07 18:30:02.971+00,CityofBendOR,2022/12/07 18:30:02.971+00,5.57818598000326
225,CPUMP028A,2002/03/26 00:00:00+00,I,"Wood River Village - 20010 Birchwood, 97702","Col Lift Sta. #28   Wood River Village - Wood River Village, Birchwood Cul-de-sac",0,0,4, ,, ,Wood River Village, ,30,0,140,240,125,600, ,4NHTA-F16,,,1,99cc394d-5a29-42cc-bd6c-b9c1f20b2ac9,CityofBendOR,2022/12/07 18:30:02.971+00,CityofBendOR,2022/12/07 18:30:02.971+00,4.4219630156393
226,CPUMP028B,2002/03/26 00:00:00+00,I,"Wood River Village - 20010 Birchwood, 97702","Col Lift Sta. #28   Wood River Village - Wood River Village, Birchwood Cul-de-sac",0,0,4, ,, ,Wood River Village, ,30,0,140,240,125,600, ,4NHTA-F16,,,1,cbcce258-1d22-4a22-9409-94a774ebc36d,CityofBendOR,2022/12/07 18:30:02.971+00,CityofBendOR,2022/12/07 18:30:02.971+00,4.19377751390743
227,CPUMP026A,1999/03/11 00:00:00+00,I,"Old Mill - 51 SW Powerhouse, 97701","Col Lift Sta. #26   Old Mill - Old Mill District, NW Corner of Theaters",3591.83,3589.75,4, ,,LEAD,Old Mill, ,15,0,95.5,327,85,495, ,3153.090-6562,,,1,10ab69b4-f5d5-413a-8ff6-411694b2bcc8,CityofBendOR,2022/12/07 18:30:02.971+00,CityofBendOR,2022/12/07 18:30:02.971+00,5.65389772575182
228,CPUMP026B,1999/03/11 00:00:00+00,I,"Old Mill - 51 SW Powerhouse, 97701","Col Lift Sta. #26   Old Mill - Old Mill District, NW Corner of Theaters",3592.58,3589.75,4, ,,LAG1,Old Mill, ,15,0,95.5,327,85,495, ,3153.090-6562,,,1,9fe1939d-45e5-42ac-ba14-712d67a08122,CityofBendOR,2022/12/07 18:30:02.971+00,CityofBendOR,2022/12/07 18:30:02.971+00,6.35813316018039
231,CPUMP075A,2002/07/23 00:00:00+00,I,"Shevlin Commons - 18984 Squirrel Tail Lp., 97701","Col Lift Sta. #75   Shevlin Commons - Shevlin Commons, Common Area between 18982 & 18988",3717.5,3714.58,4, ,,LEAD,Shevlin Commons, ,20,0,126,118,105,290, ,S4QX2000JC,,,1,2acd5205-a449-4f12-bdda-8e55c83382bf,CityofBendOR,2022/12/07 18:30:02.971+00,CityofBendOR,2022/12/07 18:30:02.971+00,5.95770089011386
232,CPUMP075B,2002/07/23 00:00:00+00,I,"Shevlin Commons - 18984 Squirrel Tail Lp., 97701","Col Lift Sta. #75   Shevlin Commons - Shevlin Commons, Common Area between 18982 & 18988",3717.83,3714.58,4, ,,LAG1,Shevlin Commons, ,20,0,126,118,105,290, ,S4QX2000JC,,,1,77a21bb1-f425-4e9b-b5b5-25a61453b2e3,CityofBendOR,2022/12/07 18:30:02.971+00,CityofBendOR,2022/12/07 18:30:02.971+00,6.01762829494025
233,CPUMP037A,1996/06/06 00:00:00+00,I,"Canal View - 63383 Brightwater., 97702","Col Lift Sta. #37   Canal View - Canal View Sub, North of 20933 Brightwater Dr.",3448,3446.67,4, ,,LEAD,Canal View, ,5,0,28,190,19.5,394, ,3102.090-1153,,,1,0bd12e78-eb05-4023-a7a1-03251305c9b9,CityofBendOR,2022/12/07 18:30:02.971+00,CityofBendOR,2022/12/07 18:30:02.971+00,6.51190223743411
234,CPUMP037B,1996/06/06 00:00:00+00,I,"Canal View - 63383 Brightwater., 97702","Col Lift Sta. #37   Canal View - Canal View Sub, North of 20933 Brightwater Dr.",3449.5,3446.67,4, ,,LAG1,Canal View, ,5,0,28,190,19.5,394, ,3102.090-1153,,,1,30729ec4-b141-46ec-92d8-a0c99c57e8a9,CityofBendOR,2022/12/07 18:30:02.971+00,CityofBendOR,2022/12/07 18:30:02.971+00,5.75467754296118
237,CPUMP041A,2002/05/19 00:00:00+00,I,"Glenshire - 1064 NE Glenshire Pl., 97701","Col Lift Sta. #41   Glenshire - Glenshire Subdivision, Behind 1064 Canoe Ct.",3540.85,3540.02,4,Yes,,LEAD,Glenshire, ,5,0,34.4,172,25,400, ,3102.090-0995,,,1,c0bade90-b448-4ddf-b127-0dd61a30a2ac,CityofBendOR,2022/12/07 18:30:02.971+00,CityofBendOR,2022/12/07 18:30:02.971+00,8.82588902197634
238,CPUMP041B,2002/05/19 00:00:00+00,I,"Glenshire - 1064 NE Glenshire Pl., 97701","Col Lift Sta. #41   Glenshire - Glenshire Subdivision, Behind 1064 Canoe Ct.",3542.02,3540.02,4,Yes,,LAG1,Glenshire, ,5,0,34.4,172,25,400, ,3102.090-0995,,,1,4469bba5-cad1-46a8-8647-f639bf5b31ef,CityofBendOR,2022/12/07 18:30:02.971+00,CityofBendOR,2022/12/07 18:30:02.971+00,8.9256133170089
239,CPUMP022A,2005/04/26 00:00:00+00,I,"West Side - 35 Portland Ave., 97701",Col Lift Sta. #22   West Side - Portland Ave By Steidle,3578.25,3575.75,8,Yes,,LEAD,West Side, ,45,0,47.2,2731,27.5,3750, ,3202.180-0606,,,1,d5c81e94-c745-46bd-96ab-7e19325c6689,CityofBendOR,2022/12/07 18:30:02.971+00,CityofBendOR,2022/12/07 18:30:02.971+00,22.9730751036785
240,CPUMP022B,2005/04/26 00:00:00+00,I,"West Side - 35 Portland Ave., 97701",Col Lift Sta. #22   West Side - Portland Ave By Steidle,3578.55,3575.75,8,Yes,,LAG1,West Side, ,45,0,47.2,2731,27.5,3750, ,3202.180-0606,,,1,d2deb875-db69-4bb9-b112-a0fdf63c576b,CityofBendOR,2022/12/07 18:30:02.971+00,CityofBendOR,2022/12/07 18:30:02.971+00,19.2984957301849
241,CPUMP022C,2005/04/26 00:00:00+00,I,"West Side - 35 Portland Ave., 97701",Col Lift Sta. #22   West Side - Portland Ave By Steidle,3579.5,3575.75,8, ,,LAG2,West Side, ,40,0,40,2340,26,3000, ,8nhtvf8,,,1,6cc5fc1d-dc4b-4ca9-92a9-272f5697664c,CityofBendOR,2022/12/07 18:30:02.971+00,CityofBendOR,2022/12/07 18:30:02.971+00,20.6792526216476
242,CPUMP022D,2005/04/26 00:00:00+00,I,"West Side - 35 Portland Ave., 97701",Col Lift Sta. #22   West Side - Portland Ave By Steidle,3580,3575.75,8, ,,LAG3,West Side, ,40,0,40,2340,26,3000, ,8nhtvf8,,,1,6d1d04cd-7d86-43c5-a932-f92f40dfc96b,CityofBendOR,2022/12/07 18:30:02.971+00,CityofBendOR,2022/12/07 18:30:02.971+00,24.227044332731
243,CPUMP064A,2003/07/02 00:00:00+00,I,"Pine Ridge - 61323 Brianne Pl., 97702","Col Lift Sta. #64   Pine Ridge - Pine Ridge Sub, In front of 61323 Brianne Pl.",3813.17,3811.17,4, ,,LEAD,Pine Ridge, ,5,0,34.1,160,28,280, ,S4NX500CC,,,1,c0eddf6f-7283-4c2c-881c-3f126b32da7f,CityofBendOR,2022/12/07 18:30:02.971+00,CityofBendOR,2023/02/16 16:11:37+00,7.08477112556864
244,CPUMP064B,2003/07/02 00:00:00+00,I,"Pine Ridge - 61323 Brianne Pl., 97702","Col Lift Sta. #64   Pine Ridge - Pine Ridge Sub, In front of 61323 Brianne Pl.",3814.17,3811.17,4, ,,LAG1,Pine Ridge, ,5,0,34.1,160,28,280, ,S4NX500CC,,,1,f7c99cbd-a6d0-460e-a268-5fde60f34283,CityofBendOR,2022/12/07 18:30:02.971+00,CityofBendOR,2023/02/16 16:11:37+00,8.00655746914304
245,CPUMP027A,2002/03/28 00:00:00+00,I,Touchmark - 19855 Touchmark Way.,"Col Lift Sta. #27   Touchmark - Touchmark Homes, End of Touchmark Way",3619.72,3617.38,4, ,,LEAD,Touchmark, ,20,0,91.2,400,80,650, ,S4BX2000-JC,,,1,ef2e3ec9-de55-4e08-8f2d-1b092d7add86,CityofBendOR,2022/12/07 18:30:02.971+00,CityofBendOR,2022/12/07 18:30:02.971+00,6.66866583940889
246,CPUMP027B,2002/03/28 00:00:00+00,I,Touchmark - 19855 Touchmark Way.,"Col Lift Sta. #27   Touchmark - Touchmark Homes, End of Touchmark Way",3622.22,3617.38,4, ,,LAG1,Touchmark, ,20,0,91.2,400,80,650, ,S4BX2000-JC,,,1,c4f1a1d1-a26d-4290-a99c-d585d80c17c0,CityofBendOR,2022/12/07 18:30:02.971+00,CityofBendOR,2022/12/07 18:30:02.971+00,6.47062837409186
247,CPUMP073A,1973/08/29 00:00:00+00,I,"Shevlin Meadows - 2980 NW Shevlin Meadow Dr., 97701","Col Lift Sta. #73   Shevlin Meadows - Shevlin Meadows, Back of 2980 Shevlin Meadow Dr.",3708.77,3706.77,4,Yes,,LEAD,Shevlin Meadows, ,10,0,90,153,75,350, ,3127.090-1946,2021/12/01 14:10:25+00,"""BEND\KWINTER""",1,34852241-209a-4d6e-8092-383346164bff,CityofBendOR,2022/12/07 18:30:02.971+00,CityofBendOR,2022/12/07 18:30:02.971+00,9.59830405450103
248,CPUMP073B,1973/08/29 00:00:00+00,I,"Shevlin Meadows - 2980 NW Shevlin Meadow Dr., 97701","Col Lift Sta. #73   Shevlin Meadows - Shevlin Meadows, Back of 2980 Shevlin Meadow Dr.",3709.77,3706.77,4,Yes,,LAG1,Shevlin Meadows, ,10,0,90,153,75,350, ,3127.090-1946,2021/12/01 14:11:37+00,"""BEND\KWINTER""",1,d755c9ef-30c4-44f5-9d83-0e7ddc462748,CityofBendOR,2022/12/07 18:30:02.971+00,CityofBendOR,2022/12/07 18:30:02.971+00,9.26154317243233
249,CPUMP074A,2006/08/07 00:00:00+00,I,"Renaissance - 62752 Shevlin Park Rd., 97701",Col Lift Sta. #74   Renaissance - Shevlin Park Subdivision,3723.83,3722.67,4, ,,LEAD,Renaissance, ,31,0,129,122,100,275, ,AFP 1034 ME230/2D,,,1,6a5a4de4-7d0e-4a94-a72d-15f4ef0e3e0f,CityofBendOR,2022/12/07 18:30:02.971+00,CityofBendOR,2022/12/07 18:30:02.971+00,7.3237131754072
250,CPUMP074B,2006/08/07 00:00:00+00,I,"Renaissance - 62752 Shevlin Park Rd., 97701",Col Lift Sta. #74   Renaissance - Shevlin Park Subdivision,3724.92,3722.67,4, ,,LAG1,Renaissance, ,31,0,129,122,100,275, ,AFP 1034 ME230/2D,,,1,737208c3-2198-4f81-8033-badf829de6ab,CityofBendOR,2022/12/07 18:30:02.971+00,CityofBendOR,2022/12/07 18:30:02.971+00,9.74833018661558
251,CPUMP080A,2003/09/08 00:00:00+00,I,"Sawyer Park - 62999 O.B. Riley Rd., 97701","Col Lift Sta. #80   Sawyer Park - Sawyer Park, O.B. Riley rd.",3500.7,3498.5,4,Yes,,LEAD,Sawyer Park, ,3,0,47,54,27,65, ,3068.890-9166,,,1,d3645e90-d5c3-4ece-b584-dbd8914aad76,CityofBendOR,2022/12/07 18:30:02.971+00,CityofBendOR,2022/12/07 18:30:02.971+00,5.41304512424277
252,CPUMP080B,2003/09/08 00:00:00+00,I,"Sawyer Park - 62999 O.B. Riley Rd., 97701","Col Lift Sta. #80   Sawyer Park - Sawyer Park, O.B. Riley rd.",3502.5,3498.5,4,Yes,,LAG1,Sawyer Park, ,18,0,72.4,565,52,900, ,3153.090-5078,,,1,739cca7c-1743-45bb-82d8-8db5a01af9b6,CityofBendOR,2022/12/07 18:30:02.971+00,CityofBendOR,2022/12/07 18:30:02.971+00,8.57023383811983
253,CPUMP083A,2005/07/06 00:00:00+00,I,"Empire Estates - 63151 Britta St., 97701",Col Lift Sta. #83   Empire Estates - Behind 20276 Ellie Ln.,3498.97,3497.88,4, ,,LEAD,Empire Estates, ,20,0,103,120,80,260, ,4RHX200M2-43,,,1,b9119c07-af75-442a-8129-d86076e9ea52,CityofBendOR,2022/12/07 18:30:02.971+00,CityofBendOR,2023/07/17 22:50:37+00,4.60303135017587
254,CPUMP083B,2005/07/06 00:00:00+00,I,"Empire Estates - 63151 Britta St., 97701",Col Lift Sta. #83   Empire Estates - Behind 20276 Ellie Ln.,3499.55,3497.88,4, ,,LAG1,Empire Estates, ,20,0,103,120,80,260, ,4RHX200M2-43,,,1,a1316a99-76d4-409d-958b-9b0928d81e48,CityofBendOR,2022/12/07 18:30:02.971+00,CityofBendOR,2023/07/17 22:50:37+00,8.21619747127828
255,CPUMP084A,2006/05/16 00:00:00+00,I,"Rim Rock Riders - 20157NW Roper Ln., 97701","Col Lift Sta. #84   Rim Rock Riders - O.B./ Riley Rd., Hardy Ln.",3488.83,3487.67,4, ,,LEAD,Rim Rock Riders, ,20,0,100,150,93,300, ,S4LVX2000FC,,,1,1657acfe-d69b-4cc6-b85f-0e1ba7ab2ccb,CityofBendOR,2022/12/07 18:30:02.971+00,CityofBendOR,2022/12/07 18:30:02.971+00,9.04863314453599
256,CPUMP084B,2006/05/16 00:00:00+00,I,"Rim Rock Riders - 20157NW Roper Ln., 97701","Col Lift Sta. #84   Rim Rock Riders - O.B./ Riley Rd., Hardy Ln.",3489.67,3487.67,4, ,,LAG1,Rim Rock Riders, ,20,0,100,150,93,300, ,S4LVX2000FC,,,1,eaa70433-7c11-4995-a162-32fec64c5ab3,CityofBendOR,2022/12/07 18:30:02.971+00,CityofBendOR,2022/12/07 18:30:02.971+00,8.9233969774157
257,CPUMP087A,2006/08/08 00:00:00+00,I,"Glen Vista - 20210 Glen Vista Dr., 97701","Col Lift Sta. #87   Glen Vista - 20210 Glen Vista Dr.,",3488.75,3486.67,3, ,,LEAD,Glen Vista, ,23,0,155,237,107,450, ,3153.091-0391,,,1,18b47b19-09c1-45e2-9876-c585859cbce6,CityofBendOR,2022/12/07 18:30:02.971+00,CityofBendOR,2023/07/13 21:17:15+00,7.84763771246684
258,CPUMP087B,2006/08/08 00:00:00+00,I,"Glen Vista - 20210 Glen Vista Dr., 97701","Col Lift Sta. #87   Glen Vista - 20210 Glen Vista Dr.,",3489.08,3486.67,3, ,,LAG1,Glen Vista, ,23,0,155,237,107,450, ,3153.091-0391,,,1,3baa85b7-1733-43ae-851c-29e7267c6adf,CityofBendOR,2022/12/07 18:30:02.971+00,CityofBendOR,2023/07/13 21:18:25+00,8.57911807733261
259,CPUMP031A,1997/10/16 00:00:00+00,I,"Holiday Inn - 63775 N. Hwy 97, 97701",Col Lift Sta. #31   Holiday Inn - N 97 AND GRANDVIEW,3424,3422.67,3, ,,LEAD,Holiday Inn, ,23,0,172,160,140,310, ,3153.091-0390,,,1,f924e371-fa4b-4e1d-a6f9-b5e5bca9daf2,CityofBendOR,2022/12/07 18:30:02.971+00,CityofBendOR,2022/12/07 18:30:02.971+00,7.18342700584008
260,CPUMP031B,1997/10/16 00:00:00+00,I,"Holiday Inn - 63775 N. Hwy 97, 97701",Col Lift Sta. #31   Holiday Inn - N 97 AND GRANDVIEW,3425.08,3422.67,3, ,,LAG1,Holiday Inn, ,23,0,172,160,140,310, ,3153.091-0390,,,1,dae27f94-3634-41c0-ad10-77519be885f0,CityofBendOR,2022/12/07 18:30:02.971+00,CityofBendOR,2022/12/07 18:30:02.971+00,7.14754217628076
261,CPUMP038A,2002/10/24 00:00:00+00,I,"Quail Crossing - 63333 Stonewood Dr., 97701","Col Lift Sta. #38   Quail Crossing - Quail Crossing Sub, North of 63333 Stonewood Dr.",3450.03,3448.62,4, ,,LEAD,Quail Crossing, ,5,0,25,265,17,450, ,3102.090-1153,,,1,cdd15d75-0a7b-44c6-affa-50c93fa6eff8,CityofBendOR,2022/12/07 18:30:02.971+00,CityofBendOR,2023/08/14 14:46:13+00,10.5322418414471
262,CPUMP038B,2002/10/24 00:00:00+00,I,"Quail Crossing - 63333 Stonewood Dr., 97701","Col Lift Sta. #38   Quail Crossing - Quail Crossing Sub, North of 63333 Stonewood Dr.",3450.53,3448.62,4, ,,LAG1,Quail Crossing, ,5,0,25,265,17,450, ,3102.090-1153,,,1,364f689e-a8fa-4447-b640-28cf38bf3b31,CityofBendOR,2022/12/07 18:30:02.971+00,CityofBendOR,2023/08/14 14:46:13+00,10.4381483024659
263,CPUMP032A,2003/03/14 00:00:00+00,I,"North Pointe - 63872 Wellington St., 97701","Col Lift Sta. #32   North Point - North Pointe Sub, North Cul-de-sac of Hunters Cir.",3407.58,3405.92,4, ,,LEAD,North Pointe, ,40,0,148,265,130,420, ,4RCX400M2-43,,,1,14f3a9c0-f26d-4c70-b849-0a7e97118d71,CityofBendOR,2022/12/07 18:30:02.971+00,CityofBendOR,2022/12/07 18:30:02.971+00,8.65731641929248
264,CPUMP032B,2003/03/14 00:00:00+00,I,"North Pointe - 63872 Wellington St., 97701","Col Lift Sta. #32   North Point - North Pointe Sub, North Cul-de-sac of Hunters Cir.",3408.58,3405.92,4, ,,LAG1,North Pointe, ,40,0,148,265,130,420, ,4RCX400M2-43,,,1,44e8663c-dbb5-4df1-adcd-7fee9db21579,CityofBendOR,2022/12/07 18:30:02.971+00,CityofBendOR,2022/12/07 18:30:02.971+00,8.66940633577067
265,CPUMP040A,1999/10/06 00:00:00+00,I,"Empire - 63080 Corporate Pl., 97701","Col Lift Sta. #40   Empire - S.W. corner Empire,  Boyd Acres",3521.33,3520,4, ,,LEAD,Empire, ,5,0,42,130,36,250, ,S4NX500JC,,,1,18c069ca-a1b7-4d91-98e0-bae643ae02c4,CityofBendOR,2022/12/07 18:30:02.971+00,CityofBendOR,2022/12/07 18:30:02.971+00,7.20738560825768
266,CPUMP040B,1999/10/06 00:00:00+00,I,"Empire - 63080 Corporate Pl., 97701","Col Lift Sta. #40   Empire - S.W. corner Empire,  Boyd Acres",3522.25,3520,4, ,,LAG1,Empire, ,5,0,42,130,36,250, ,S4NX500JC,,,1,297cd6a2-8d0f-44c5-a116-50d080c104e0,CityofBendOR,2022/12/07 18:30:02.971+00,CityofBendOR,2022/12/07 18:30:02.971+00,7.14421688484395
267,CPUMP082A,1900/01/01 00:00:00+00,DC,Deschutes Business Park, ,3512.83,3509.83,3, ,,LEAD,Deschutes Business Park, ,5,0,37.5,100,19.5,200, ,S3HVX500-JD,2023/03/21 13:17:57+00,BEND\dzarate,1,94e66a00-694b-4c97-ba94-b2d5a4bc89e8,CityofBendOR,2022/12/07 18:30:02.971+00,CityofBendOR,2023/03/21 20:17:57+00,1.66631428902369
268,CPUMP082B,1900/01/01 00:00:00+00,DC,Deschutes Business Park LS, ,3513,3509.83,3, ,,LAG1,Deschutes Business Park LS, ,5,0,37.5,100,19.5,200, ,S3HVX500-JD,2023/03/21 13:17:57+00,BEND\dzarate,1,eb45f1ea-b4b6-44b2-a905-c5d3e7c0baee,CityofBendOR,2022/12/07 18:30:02.971+00,CityofBendOR,2023/03/21 20:17:57+00,1.64574263642846
269,CPUMP081A,2003/02/20 00:00:00+00,I,"Enchant on Deschutes - 63166 Riverstone, 97701",Col Lift Sta. #81   Enchant on Desch - Enchantment on the Deschutes Common Area,3483.83,3483.33,4, ,,LEAD,Enchant on Deschutes, ,30,0,134,150,120,300, ,S4QX3000FC,,,1,f8c38295-3ef3-45b2-bb54-bb953fbc29c0,CityofBendOR,2022/12/07 18:30:02.971+00,CityofBendOR,2022/12/07 18:30:02.971+00,7.20740997620471
270,CPUMP081B,2003/02/20 00:00:00+00,I,"Enchant on Deschutes - 63166 Riverstone, 97701",Col Lift Sta. #81   Enchant on Desch - Enchantment on the Deschutes Common Area,3485,3483.33,4, ,,LAG1,Enchant on Deschutes, ,30,0,134,150,120,300, ,S4QX3000FC,,,1,aef807ca-83fc-4f90-a114-aa91f0d476f8,CityofBendOR,2022/12/07 18:30:02.971+00,CityofBendOR,2022/12/07 18:30:02.971+00,8.55853739975915
271,CPUMP019A,2007/04/24 00:00:00+00,I,"Wyndemere - 745 NW Archie Briggs., 97701",Col Lift Sta. #19   Wyndemere - NE Corner of Lower Village and Archie Briggs,3483.5,3481.5,4,Yes,,LEAD,Wyndemere, ,15,0,95.3,271,71,550, ,3153.091-0507,,,1,8943fd86-97f1-4f8e-ac3e-6bfe0ba3c64b,CityofBendOR,2022/12/07 18:30:02.971+00,CityofBendOR,2022/12/07 18:30:02.971+00,5.45099887543162
272,CPUMP019B,2007/04/24 00:00:00+00,I,"Wyndemere - 745 NW Archie Briggs., 97701",Col Lift Sta. #19   Wyndemere - NE Corner of Lower Village and Archie Briggs,3484,3481.5,4,Yes,,LAG1,Wyndemere, ,15,0,95.3,271,71,550, ,3153.091-0507,,,1,bb909bff-27c4-47c9-9067-43784b863004,CityofBendOR,2022/12/07 18:30:02.971+00,CityofBendOR,2022/12/07 18:30:02.971+00,8.20764052615974
273,CPUMP019C,2007/04/24 00:00:00+00,I,"Wyndemere - 745 NW Archie Briggs., 97701",Col Lift Sta. #19   Wyndemere - NE Corner of Lower Village and Archie Briggs,3484.5,3481.5,4,Yes,,LAG2,Wyndemere, ,15,0,95.3,271,71,550, ,3153.091-0507,,,1,61b15c43-840c-4d0b-8395-2d39e58a3398,CityofBendOR,2022/12/07 18:30:02.971+00,CityofBendOR,2022/12/07 18:30:02.971+00,5.59729223880216
274,CPUMP049B,2006/08/31 00:00:00+00,I,"Orion Greens - 21042 Perrigan Dr., 97702","Col Lift Sta. #49   Orion Greens - Orion Greens Subdivision, Corner of Perrigan and A",3663.33,3661,4, ,,LAG1,Orion Greens, ,10,0,68,170,60.5,300, ,3127.090-2226,,,1,ab76bdb9-06d2-4cf0-8a53-2bfef770562d,CityofBendOR,2022/12/07 18:30:02.971+00,CityofBendOR,2022/12/07 18:30:02.971+00,5.46207732544743
275,CPUMP049A,2006/08/31 00:00:00+00,I,"Orion Greens - 21042 Perrigan Dr., 97702","Col Lift Sta. #49   Orion Greens - Orion Greens Subdivision, Corner of Perrigan and A",3662.83,3661,4, ,,LEAD,Orion Greens, ,10,0,68,170,60.5,300, ,3127.090-2226,,,1,a5b3ab37-d082-428c-8414-bf3ab2eabf44,CityofBendOR,2022/12/07 18:30:02.971+00,CityofBendOR,2022/12/07 18:30:02.971+00,4.38520952336932
276,CPUMP059A,2004/04/30 00:00:00+00,I,"Blue Ridge - 20511Knott Road, 97702",Col Lift Sta. #59   Blue Ridge - Blue Ridge Subdivision,3835.1,3833.22,3, ,,LEAD,Blue Ridge, ,5,0,56.7,66,45,135, ,3RHX5OM2-21,,,1,a6a0b700-5fab-44bd-b8e4-beccba5c874d,CityofBendOR,2022/12/07 18:30:02.971+00,CityofBendOR,2022/12/07 18:30:02.971+00,6.7453084025193
277,CPUMP059B,2004/04/30 00:00:00+00,I,"Blue Ridge - 20511Knott Road, 97702",Col Lift Sta. #59   Blue Ridge - Blue Ridge Subdivision,3836.1,3833.22,3, ,,LAG1,Blue Ridge, ,5,0,56.7,66,45,135, ,3RHX5OM2-21,,,1,ff631abb-5038-4e81-9092-4d6a006f9fda,CityofBendOR,2022/12/07 18:30:02.971+00,CityofBendOR,2022/12/07 18:30:02.971+00,6.34716114422095
278,CPUMP053A,2002/07/15 00:00:00+00,DC,"Tri Peaks - 61435 Edro Pl., 97702",Col Lift Sta. #53   Tri Peaks - Tri Peaks Subdivision,3735.92,3734.33,3, ,,LEAD,Tri Peaks, ,5,0,62,107,40,237, ,3102,2023/03/17 10:38:03+00,BEND\dzarate,1,1d5089dc-7b5b-4fb3-90c1-0f90b78dc982,CityofBendOR,2022/12/07 18:30:02.971+00,CityofBendOR,2023/03/17 17:38:03+00,4.68673890580663
279,CPUMP053B,2002/07/15 00:00:00+00,DC,"Tri Peaks - 61435 Edro Pl., 97702",Col Lift Sta. #53   Tri Peaks - Tri Peaks Subdivision,3737.58,3734.33,3, ,,LAG1,Tri Peaks, ,5,0,62,107,40,237, ,3102,2023/03/17 10:38:03+00,BEND\dzarate,1,fc5b42e6-de95-462c-bd42-e50dae082a7d,CityofBendOR,2022/12/07 18:30:02.971+00,CityofBendOR,2023/03/17 17:38:03+00,4.76113771522382
280,CPUMP050A,2003/10/17 00:00:00+00,D,"Sun Meadow - 20956 Jacklight Ln., 97702","Col Lift Sta. #50   Sun Meadow - Sun Meadow Subdivision, off of Brosterhous",3720.08,3718.75,4, ,,LEAD,Sun Meadow, ,50,0,188,374,150,610, ,4RCX500M2-43,2018/09/14 10:07:06+00,BEND\kwinter,1,8e694ea1-50fb-4a30-bf96-6da4a7ac6a95,CityofBendOR,2022/12/07 18:30:02.971+00,CityofBendOR,2022/12/07 18:30:02.971+00,5.37443759729666
281,CPUMP050B,2003/10/17 00:00:00+00,D,"Sun Meadow - 20956 Jacklight Ln., 97702","Col Lift Sta. #50   Sun Meadow - Sun Meadow Subdivision, off of Brosterhous",3720.92,3718.75,4, ,,LAG1,Sun Meadow, ,50,0,188,374,150,610, ,4RCX500M2-43,2018/09/14 10:07:06+00,BEND\kwinter,1,a173a010-1174-48d8-9495-0e5c1fe88941,CityofBendOR,2022/12/07 18:30:02.971+00,CityofBendOR,2022/12/07 18:30:02.971+00,7.00054135731253
282,CPUMP051B,2002/09/01 00:00:00+00,I,"Foxborough - 61308 Sunflower Ln., 97702","Col Lift Sta. #51   Foxborough - Foxborough Sub, Park at end of Foxborough Rd,",3713.07,3711.07,4, ,,LAG1,Foxborough, ,15,0,76,319,56.4,667, ,3153.090-6377,,,1,68a03a29-b5b7-4f8b-81c7-8d3a237d4fe2,CityofBendOR,2022/12/07 18:30:02.971+00,CityofBendOR,2022/12/07 18:30:02.971+00,5.85662332378759
283,CPUMP051A,2002/09/01 00:00:00+00,I,"Foxborough - 61308 Sunflower Ln., 97702","Col Lift Sta. #51   Foxborough - Foxborough Sub, Park at end of Foxborough Rd,",3712.57,3711.07,4, ,,LEAD,Foxborough, ,15,0,76,319,56.4,667, ,3153.090-6377,,,1,17daac8a-626d-4d38-a8ff-9e0a6605f910,CityofBendOR,2022/12/07 18:30:02.971+00,CityofBendOR,2022/12/07 18:30:02.971+00,5.92756346641304
284,CPUMP062A,2004/03/30 00:00:00+00,D,"South Village - 20190 Lora Ln., 97702",Col Lift Sta. #62   South Village - South Village Subdivision,3745.75,3743.92,4, ,,LEAD,South Village, ,20,0,86.2,265,63,440, ,4RHX200M2-43,2018/09/14 10:45:22+00,BEND\kwinter,1,6a8e4059-e00d-418d-86e4-f384ea60f991,CityofBendOR,2022/12/07 18:30:02.971+00,CityofBendOR,2022/12/07 18:30:02.971+00,12.7381263682036
285,CPUMP062B,2004/03/30 00:00:00+00,D,"South Village - 20190 Lora Ln., 97702",Col Lift Sta. #62   South Village - South Village Subdivision,3746.33,3743.92,4, ,,LAG1,South Village, ,20,0,86.2,265,63,440, ,4RHX200M2-43,2018/09/14 10:45:22+00,BEND\kwinter,1,a7567e4f-bd43-4a71-827c-0c042d32ddab,CityofBendOR,2022/12/07 18:30:02.971+00,CityofBendOR,2022/12/07 18:30:02.971+00,15.046413229508
286,CPUMP063A,2003/02/24 00:00:00+00,I,"Des. River Crossing - 19883 Duck Call Ln., 97702","Col Lift Sta. #63   Des. River Crossing - Des. River Crossing, betw 19877 and 19883 Duck Cal",3808.55,3805.88,4, ,,LEAD,Des. River Crossing, ,5,0,43.4,195,35,400, ,3102.090-0966,,,1,d1998532-7a7a-41bf-9163-076579db982a,CityofBendOR,2022/12/07 18:30:02.971+00,CityofBendOR,2022/12/07 18:30:02.971+00,4.16845958337646
287,CPUMP063B,2003/02/24 00:00:00+00,I,"Des. River Crossing - 19883 Duck Call Ln., 97702","Col Lift Sta. #63   Des. River Crossing - Des. River Crossing, betw 19877 and 19883 Duck Cal",3809.05,3805.88,4, ,,LAG1,Des. River Crossing, ,5,0,43.3,195,35,400, ,3102.090-0966,,,1,25a16fc9-03df-4207-845c-5daa7107c2e2,CityofBendOR,2022/12/07 18:30:02.971+00,CityofBendOR,2022/12/07 18:30:02.971+00,5.00894326843603
288,CPUMP012A,2008/05/23 00:00:00+00,I,"Juniper Ridge - 63600 NE 18th St., 97701","Col Lift Sta. #12   Juniper Ridge - 18th Street, North of Cooley",3432.5,3427.5,4,Yes,,LEAD,Juniper Ridge, ,23,0,112,444,70,625, ,3153.091-0391,,,1,de6feb6f-5dfa-48d3-8f5b-40a1eca3a000,CityofBendOR,2022/12/07 18:30:02.971+00,CityofBendOR,2022/12/07 18:30:02.971+00,7.58525366934981
289,CPUMP012B,2008/05/23 00:00:00+00,I,"Juniper Ridge - 63600 NE 18th St., 97701","Col Lift Sta. #12   Juniper Ridge - 18th Street, North of Cooley",3433,3427.5,4,Yes,,LAG1,Juniper Ridge, ,23,0,112,444,70,625, ,3153.091-0391,,,1,893a734e-aa38-4a55-bd08-5650db33653f,CityofBendOR,2022/12/07 18:30:02.971+00,CityofBendOR,2022/12/07 18:30:02.971+00,10.0843366626313
290,CPUMP071A,1990/04/01 00:00:00+00,I,"Widgi Creek - 60679 Golf Village Lp., 97702","Col Lift Sta. #71   Widgi Creek - Widgi Creek GC, Common Area",3874.83,3871.5,4, ,,LEAD,Widgi Creek, ,75,0,210,800,185,1200, ,4 x 4 x 14T - 1800,,,1,d760f7bb-8f03-406f-8888-9b67148cc4f2,CityofBendOR,2022/12/07 18:30:02.971+00,CityofBendOR,2022/12/07 18:30:02.971+00,5.17680773984939
291,CPUMP071B,1990/04/01 00:00:00+00,I,"Widgi Creek - 60679 Golf Village Lp., 97702","Col Lift Sta. #71   Widgi Creek - Widgi Creek GC, Common Area",3874.17,3871.5,4, ,,LAG1,Widgi Creek, ,75,0,210,800,185,1200, ,5 x 4 x 14T - 1800,,,1,282a42a7-ba0a-4697-9735-58eba88bc7dd,CityofBendOR,2022/12/07 18:30:02.971+00,CityofBendOR,2022/12/07 18:30:02.971+00,5.14165034149876
292,CPUMP078A,1900/01/01 00:00:00+00,I,"Riverhouse - 3075 N. HWY 97, 97701",Col Lift Sta. #78   Riverhouse - N.97 Riverhouse Motel,3508,3506.67,4, ,,LEAD,Riverhouse, ,8,0,120,330,95,680, ,4NHDHLVC30-4,,,1,9b0d52ae-3388-4213-b5b5-6795fc458435,CityofBendOR,2022/12/07 18:30:02.971+00,CityofBendOR,2022/12/07 18:30:02.971+00,4.14995681481252
293,CPUMP078B,1900/01/01 00:00:00+00,I,"Riverhouse - 3075 N. HWY 97, 97701",Col Lift Sta. #78   Riverhouse - N.97 Riverhouse Motel,3508.33,3506.67,4, ,,LAG1,Riverhouse, ,8,0,120,330,95,680, ,4NHDHLVC30-4,,,1,2a53b4c5-85c6-4563-87e9-0a27d51909c8,CityofBendOR,2022/12/07 18:30:02.971+00,CityofBendOR,2022/12/07 18:30:02.971+00,4.1155245450212
294,CPUMP088A,1900/01/01 00:00:00+00,I,Main Fire Station, ,0,0,1.25, ,,LEAD,Main Fire Station, ,2,0,80,40,68,50, ,SGVF2022L,,,1,6b978c3d-2a36-4d2b-906e-c46ee92eef5c,CityofBendOR,2022/12/07 18:30:02.971+00,CityofBendOR,2022/12/07 18:30:02.971+00,4.69538379995713
295,CPUMP088B,2000/06/01 00:00:00+00,I,Main Fire Station, ,0,0,1.25, ,,LEAD,Main Fire Station, ,2,0,80,40,68,50, ,SGVF2022L,,,1,02b6e7d8-3c3b-48dd-80d7-2c18ea39e852,CityofBendOR,2022/12/07 18:30:02.971+00,CityofBendOR,2022/12/07 18:30:02.971+00,4.75225637963578
296,CPUMP029A,1996/09/19 00:00:00+00,I,"Airport - 63482 Powell Butte Hwy, 97701","Col Lift Sta. #29   Airport - Airport Pump Station, North of Runway",3363.83,3360.17,3, ,,LEAD,Airport, ,6,0,62,125,50,175, ,3102.090-1235,2021/04/07 11:06:44+00,BEND\dzarate,1,3f92c1c7-10fb-4409-93cc-6a6f6901f80d,CityofBendOR,2022/12/07 18:30:02.971+00,CityofBendOR,2022/12/07 18:30:02.971+00,4.86748862082679
297,CPUMP029B,1996/09/19 00:00:00+00,I,"Airport - 63482 Powell Butte Hwy, 97701","Col Lift Sta. #29   Airport - Airport Pump Station, North of Runway",3367.83,3360.17,3, ,,LAG1,Airport, ,6,0,62,125,50,175, ,3102.090-1235,2021/04/07 11:07:33+00,BEND\dzarate,1,9f35ff3e-28a9-4ed5-b20f-58c95b358623,CityofBendOR,2022/12/07 18:30:02.971+00,CityofBendOR,2022/12/07 18:30:02.971+00,4.04124399060319
298,CPUMP021B,1980/01/01 00:00:00+00,AB,"Pioneer - 1525 Wall St., 97701",Col Lift Sta. #21   Pioneer - Pioneer Park South of Entance on Wall St.//DEMO,0,0,2, ,,LAG1,Pioneer, ,1,0,29.5,60,65,52, ,WS1032BF,2023/03/21 12:30:37+00,BEND\dzarate,0,f52394ee-ca40-4bd9-88bb-31b7be747e90,CityofBendOR,2022/12/07 18:30:02.971+00,CityofBendOR,2023/03/21 19:30:37+00,1.65233480373441
299,CPUMP021A,1980/01/01 00:00:00+00,AB,"Pioneer - 1525 Wall St., 97701",Col Lift Sta. #21   Pioneer - Pioneer Park South of Entance on Wall St.//DEMO,3588.85,3587.43,2, ,,LEAD,Pioneer, ,1,0,29.5,60,65,52, ,WS1032BF,2023/03/21 12:30:37+00,BEND\dzarate,1,910ed8aa-893c-4774-b045-fc1aeff762bb,CityofBendOR,2022/12/07 18:30:02.971+00,CityofBendOR,2023/03/21 19:30:37+00,1.67493548330847
300,CPUMP023B,1980/01/01 00:00:00+00,I,Pacific - 210 NW Pacific Park Ln,Col Lift Sta. #23   Pacific - 210 NW Pacific Park Ln,0,0,2, ,,LAG1,Pacific, ,0,0,79,30,60,46, ,HPGX,,,0,1ea704ea-4c3c-41a7-8b1b-7c7e2b968d95,CityofBendOR,2022/12/07 18:30:02.971+00,CityofBendOR,2022/12/07 18:30:02.971+00,1.09778832406427
301,CPUMP023A,1980/01/01 00:00:00+00,I,Pacific - 210 NW Pacific Park Ln,Col Lift Sta. #23   Pacific - 210 NW Pacific Park Ln,3572.8,3572.05,2, ,,LEAD,Pacific, ,0,0,79,30,60,46, ,HPGX,,,1,704efb83-1a7f-42ab-8fda-f55bcb0d2d3e,CityofBendOR,2022/12/07 18:30:02.971+00,CityofBendOR,2022/12/07 18:30:02.971+00,1.1017028177997
302,CPUMP024B,2020/05/01 00:00:00+00,I,"Drake - 100 NW Congress, 97701","Col Lift Sta. #24   Drake - Intersection landscaping triangle, Riverside and C",0,0,4, ,,LAG1,Drake, ,10,0,62,550,48,800, ,4NNTRHVM20-4,2020/10/09 10:14:32+00,BEND\dzarate,0,9a611b68-5895-455b-8688-0366d0779ecd,CityofBendOR,2022/12/07 18:30:02.971+00,CityofBendOR,2022/12/07 18:30:02.971+00,11.9716761465226
303,CPUMP024A,2020/05/01 00:00:00+00,I,"Drake - 100 NW Congress, 97701","Col Lift Sta. #24   Drake - Intersection landscaping triangle, Riverside and C",3582.17,3579.75,4, ,,LEAD,Drake, ,10,0,62,550,48,800, ,4NNTRHVM20-4,2020/10/09 10:14:32+00,BEND\dzarate,1,3367a500-36a6-442b-9468-8bf6e1729bd3,CityofBendOR,2022/12/07 18:30:02.971+00,CityofBendOR,2022/12/07 18:30:02.971+00,12.5157931395112
304,CPUMP024C,2020/05/01 00:00:00+00,I,"Drake - 100 NW Congress, 97701","Col Lift Sta. #24   Drake - Intersection landscaping triangle, Riverside and C",0,0,4, ,,LAG2,Drake, ,0,0,64,650,54,800, ,4NNT-RP-F16T2,2020/10/09 10:14:32+00,BEND\dzarate,0,3d6c9e60-fd70-46de-9af4-09be5a2d8ad8,CityofBendOR,2022/12/07 18:30:02.971+00,CityofBendOR,2022/12/07 18:30:02.971+00,14.4678108636856
305,CPUMP072B,1992/09/24 00:00:00+00,I,"Awbrey Glen - 2260 NW Putnam Rd., 97701","Col Lift Sta. #72   Awbrey Glen - Awbrey Glen Golf Course, North end of Putnam Rd.",3473.82,3471.32,4, ,,LAG1,Awbrey Glen, ,75,0,210,800,185,1200, ,7 x 4 x 14T - 1800,,,1,bc6c969c-82c4-43b7-ac7b-40a2d7dac483,CityofBendOR,2022/12/07 18:30:02.971+00,CityofBendOR,2022/12/07 18:30:02.971+00,5.08008352529109
306,CPUMP072A,1992/09/24 00:00:00+00,I,"Awbrey Glen - 2260 NW Putnam Rd., 97701","Col Lift Sta. #72   Awbrey Glen - Awbrey Glen Golf Course, North end of Putnam Rd.",3473.65,3471.07,4, ,,LEAD,Awbrey Glen, ,75,0,210,800,185,1200, ,6 x 4 x 14T - 1800,,,1,a5ca5dd3-414d-47bd-8dc4-986a948270e7,CityofBendOR,2022/12/07 18:30:02.971+00,CityofBendOR,2022/12/07 18:30:02.971+00,4.93078119814291
307,CPUMP080C,2003/09/08 00:00:00+00,I,"Sawyer Park - 62999 O.B. Riley Rd., 97701","Col Lift Sta. #80   Sawyer Park - Sawyer Park, O.B. Riley rd.",3505,3498.5,4,Yes,,LAG2,Sawyer Park, ,18,0,72.4,565,52,900, ,3153.090-5078,,,1,b6bdb12e-9f66-4c90-86e5-56a1fe0f0804,CityofBendOR,2022/12/07 18:30:02.971+00,CityofBendOR,2022/12/07 18:30:02.971+00,7.14212226161427
308,CPUMP080D,2003/09/08 00:00:00+00,I,"Sawyer Park - 62999 O.B. Riley Rd., 97701","Col Lift Sta. #80   Sawyer Park - Sawyer Park, O.B. Riley rd.",0,0,4,Yes,,LAG3,Sawyer Park, ,18,0,72.4,565,52,900, ,3153.090-5078,,,0,f1bc86ed-1188-4b68-962b-1f2b7eea5a7e,CityofBendOR,2022/12/07 18:30:02.971+00,CityofBendOR,2022/12/07 18:30:02.971+00,9.24022993269571
309,CPUMP072C,, , , ,0,0,0, ,, , , ,0,0,0,0,0,0, , ,,,0,fdaf1103-beab-4fa6-9238-adb88f045783,CityofBendOR,2022/12/07 18:30:02.971+00,CityofBendOR,2022/12/07 18:30:02.971+00,7.56157830740636
310,CPUMP072D,, , , ,0,0,0, ,, , , ,0,0,0,0,0,0, , ,,,0,e5c0bc9e-b246-40c7-9890-4ecd5cecebc3,CityofBendOR,2022/12/07 18:30:02.971+00,CityofBendOR,2022/12/07 18:30:02.971+00,6.04244226987821
311,CPUMP085B,1900/01/01 00:00:00+00,I,N. Fire Station, ,0,0,1.25, ,,LAG1,N. Fire Station, ,2,0,80,40,68,50, ,SGVF2022L,,,0,8aefab16-c7d8-4459-8424-b7a0477650ea,CityofBendOR,2022/12/07 18:30:02.971+00,CityofBendOR,2022/12/07 18:30:02.971+00,2.89444675104214
312,CPUMP085A,1900/01/01 00:00:00+00,I,N. Fire Station, ,3507.33,3506.75,1.25, ,,LEAD,N. Fire Station, ,2,0,80,40,68,50, ,SGVF2022L,,,1,6709af34-55e4-482b-bac1-a4fb76ffa8d4,CityofBendOR,2022/12/07 18:30:02.971+00,CityofBendOR,2022/12/07 18:30:02.971+00,2.90681932866041
713,CPUMP090A,2016/06/01 00:00:00+00,I,Colorado Lift Station Pump,,,,,YES,,LEAD,CLS000090,,,,,,,,,,2017/11/13 00:00:00+00,KYLEW,1,3e0978b6-68a1-44fa-a926-841def136228,CityofBendOR,2022/12/07 18:30:02.971+00,CityofBendOR,2022/12/07 18:30:02.971+00,27.5496405508278
714,CPUMP090B,2016/06/01 00:00:00+00,I,Colorado Lift Station Pump,,,,,YES,,LAG1,CLS000090,,,,,,,,,,2017/11/13 00:00:00+00,KYLEW,1,baa12e94-f757-4360-ba74-e8938b585512,CityofBendOR,2022/12/07 18:30:02.971+00,CityofBendOR,2022/12/07 18:30:02.971+00,21.7869677341349
715,CPUMP090C,2016/06/01 00:00:00+00,I,Colorado Lift Station Pump,,,,,YES,,LAG2,CLS000090,,,,,,,,,,2017/11/13 00:00:00+00,KYLEW,1,81151e57-5a88-4268-8d07-a58e03c87c86,CityofBendOR,2022/12/07 18:30:02.971+00,CityofBendOR,2022/12/07 18:30:02.971+00,11.2114719992753
716,CPUMP091A,2021/01/22 00:00:00+00,I,CSEP 2019 - Pump Station Improvements - Deschutes Business Park,,,,4,YES,,,CPUMP091A,,,,,,,,,,2023/03/21 13:18:31+00,BEND\dzarate,1,c4cc19b5-52b5-4abf-85f0-945d1f762ce2,CityofBendOR,2022/12/07 18:30:02.971+00,CityofBendOR,2023/03/21 20:18:32+00,4.18776625302788
717,CPUMP091B,2021/01/22 00:00:00+00,I,CSEP 2019 - Pump Station Improvements - Deschutes Business Park,,,,4,YES,,,CPUMP091B,,,,,,,,,,2023/03/21 13:18:31+00,BEND\dzarate,1,12469c8f-a563-4356-9a2a-61aafb919e93,CityofBendOR,2022/12/07 18:30:02.971+00,CityofBendOR,2023/03/21 20:18:32+00,5.08242187493574
1116,CPUMP092B,2021/01/22 00:00:00+00,I,CSEP 2019 - Pump Station Improvements - Pioneer Park,,,,4,YES,,,CPUMP092B,,,,,,,,,,2023/03/21 12:58:20+00,BEND\dzarate,1,0d01acdc-903a-4bb7-8e32-749ef2883c42,CityofBendOR,2022/12/07 18:30:02.971+00,CityofBendOR,2023/03/21 19:58:21+00,5.18119045612549
1117,CPUMP092A,2021/01/22 00:00:00+00,I,CSEP 2019 - Pump Station Improvements - Pioneer Park,,,,4,YES,,,CPUMP092A,,,,,,,,,,2023/03/21 12:58:20+00,BEND\dzarate,1,1e6d90c8-712a-4f32-9eb0-6af2d8d85de1,CityofBendOR,2022/12/07 18:30:02.971+00,CityofBendOR,2023/03/21 19:58:21+00,4.1153380803435
1118,CPUMP093A,2021/01/22 00:00:00+00,PROP,CSEP 2019 - Pump Station Improvements - River's Edge,Under Construction,,,4,YES,,,CPUMP093A,,,,,,,,,,2021/04/13 09:08:02+00,BEND\dzarate,1,3c792fd6-98f1-48ff-8176-2c90bd6626a6,CityofBendOR,2022/12/07 18:30:02.971+00,CityofBendOR,2022/12/07 18:30:02.971+00,6.03035629454424
1119,CPUMP093B,2021/01/22 00:00:00+00,PROP,CSEP 2019 - Pump Station Improvements - River's Edge,Under Construction,,,4,YES,,,CPUMP093B,,,,,,,,,,2021/04/13 09:08:09+00,BEND\dzarate,1,adf3aeea-52fd-42ad-98b4-4da539ecf0c6,CityofBendOR,2022/12/07 18:30:02.971+00,CityofBendOR,2022/12/07 18:30:02.971+00,6.75593518324911
1516,CPUMP075C,2021/08/05 00:00:00+00,PROP,Shevlin Commons Life Station Improvements,Under Construction,,,,YES,,,CLS000095,,,,,,,,,,2021/10/18 13:06:13+00,BEND\dzarate,1,c6aa970c-d934-4c71-8580-05bfdd64f48d,CityofBendOR,2022/12/07 18:30:02.971+00,CityofBendOR,2022/12/07 18:30:02.971+00,26.7899145007011
1918,CPUMP095A,2021/06/01 00:00:00+00,I,Rimrock Pump Station Improvements,,,,,YES,,,Rimrock #2,,,,,,,,,,2023/03/13 06:52:26+00,BEND\dzarate,1,3389a905-bbf1-4377-bb47-029127a1be6d,CityofBendOR,2022/12/07 18:30:02.971+00,CityofBendOR,2023/03/13 13:52:26+00,1.21228401999701
1919,CPUMP095B,2021/06/01 00:00:00+00,I,Rimrock Pump Station Improvements,,,,,YES,,,Rimrock #2,,,,,,,,,,2023/03/13 06:52:26+00,BEND\dzarate,1,0f75658a-1298-408d-a719-acd2075fbe32,CityofBendOR,2022/12/07 18:30:02.971+00,CityofBendOR,2023/03/13 13:52:26+00,1.17345215403631
1920,CPUMP094A,2021/06/01 00:00:00+00,I,Rimrock Pump Station Improvements,,,,,YES,,,CLS000001,,,,,,,,,,2023/03/10 15:54:00+00,BEND\dzarate,1,844190cf-93bb-4637-9d3c-560ad993ca44,CityofBendOR,2023/03/10 23:52:33+00,CityofBendOR,2023/03/10 23:54:00+00,1.89116824989009
1921,CPUMP094B,2021/06/01 00:00:00+00,I,Rimrock Pump Station Improvements,,,,,YES,,,CLS000001,,,,,,,,,,2023/03/10 15:54:00+00,BEND\dzarate,1,f376a2ee-406a-4a83-bbea-bb03ad5f7395,CityofBendOR,2023/03/10 23:52:51+00,CityofBendOR,2023/03/10 23:54:00+00,2.15722253363218
